Source,Target
SCP-008,SCP-500
SCP-009,SCP-507
SCP-009,SCP-354
SCP-009,SCP-107
SCP-028,SCP-2669
SCP-029,SCP-2820
SCP-035,SCP-148
SCP-035,SCP-4715
SCP-035,SCP-101
SCP-035,SCP-682
SCP-038,SCP-500
SCP-038,SCP-173
SCP-039,SCP-1328
SCP-039,SCP-1513
SCP-050,SCP-447
SCP-050,SCP-732
SCP-050,SCP-607
SCP-050,SCP-173
SCP-050,SCP-231
SCP-050,SCP-529
SCP-050,SCP-705
SCP-052,SCP-008
SCP-073,SCP-2711
SCP-073,SCP-076
SCP-073,SCP-2481
SCP-073,SCP-1427
SCP-073,SCP-1216
SCP-075,SCP-294
SCP-076,SCP-073
SCP-076,SCP-105
SCP-076,SCP-682
SCP-079,SCP-682
SCP-085,SCP-067
SCP-085,SCP-914
SCP-105,SCP-076
SCP-107,SCP-447
SCP-107,SCP-874
SCP-107,SCP-009
SCP-109,SCP-402
SCP-117,SCP-882
SCP-117,SCP-682
SCP-122,SCP-3060
SCP-122,SCP-2840
SCP-122,SCP-1837
SCP-128,SCP-2460
SCP-128,SCP-3966
SCP-128,SCP-2289
SCP-131,SCP-689
SCP-131,SCP-173
SCP-143,SCP-1030
SCP-143,SCP-2467
SCP-143,SCP-2849
SCP-143,SCP-890
SCP-143,SCP-1006
SCP-143,SCP-1048
SCP-158,SCP-168
SCP-158,SCP-217
SCP-158,SCP-1875
SCP-162,SCP-1063
SCP-181,SCP-082
SCP-181,SCP-075
SCP-182,SCP-076
SCP-182,SCP-682
SCP-187,SCP-343
SCP-187,SCP-173
SCP-187,SCP-003
SCP-187,SCP-120
SCP-187,SCP-415
SCP-187,SCP-162
SCP-187,SCP-882
SCP-187,SCP-015
SCP-187,SCP-455
SCP-187,SCP-646
SCP-187,SCP-106
SCP-187,SCP-529
SCP-208,SCP-500
SCP-212,SCP-217
SCP-217,SCP-882
SCP-231,SCP-500
SCP-231,SCP-682
SCP-239,SCP-953
SCP-239,SCP-148
SCP-241,SCP-1770
SCP-241,SCP-682
SCP-243,SCP-1507
SCP-261,SCP-2337
SCP-261,SCP-417
SCP-261,SCP-085
SCP-261,SCP-2206
SCP-261,SCP-106
SCP-261,SCP-914
SCP-261,SCP-4677
SCP-271,SCP-882
SCP-285,SCP-3024
SCP-285,SCP-3012
SCP-285,SCP-2586
SCP-285,SCP-3090
SCP-285,SCP-2842
SCP-285,SCP-286
SCP-285,SCP-2839
SCP-285,SCP-3697
SCP-285,SCP-4669
SCP-285,SCP-3015
SCP-285,SCP-2293
SCP-285,SCP-2476
SCP-285,SCP-2562
SCP-285,SCP-4239
SCP-285,SCP-3036
SCP-287,SCP-148
SCP-287,SCP-3609
SCP-294,SCP-085
SCP-294,SCP-075
SCP-332,SCP-1833
SCP-352,SCP-604
SCP-352,SCP-1680
SCP-354,SCP-076
SCP-378,SCP-1000
SCP-378,SCP-655
SCP-392,SCP-3140
SCP-392,SCP-140
SCP-392,SCP-3399
SCP-393,SCP-682
SCP-402,SCP-109
SCP-402,SCP-148
SCP-407,SCP-507
SCP-408,SCP-529
SCP-408,SCP-682
SCP-409,SCP-500
SCP-423,SCP-140
SCP-423,SCP-2236
SCP-423,SCP-085
SCP-423,SCP-1230
SCP-423,SCP-583
SCP-423,SCP-826
SCP-423,SCP-1425
SCP-423,SCP-701
SCP-427,SCP-500
SCP-427,SCP-914
SCP-445,SCP-073
SCP-445,SCP-085
SCP-445,SCP-682
SCP-447,SCP-500
SCP-447,SCP-076
SCP-447,SCP-999
SCP-447,SCP-586
SCP-447,SCP-458
SCP-447,SCP-882
SCP-447,SCP-063
SCP-447,SCP-914
SCP-451,SCP-423
SCP-451,SCP-657
SCP-451,SCP-173
SCP-458,SCP-343
SCP-458,SCP-3477
SCP-458,SCP-076
SCP-458,SCP-3300
SCP-458,SCP-134
SCP-458,SCP-378
SCP-458,SCP-4504
SCP-458,SCP-040
SCP-458,SCP-105
SCP-458,SCP-073
SCP-458,SCP-181
SCP-458,SCP-056
SCP-458,SCP-182
SCP-458,SCP-4999
SCP-466,SCP-1429
SCP-475,SCP-2217
SCP-475,SCP-1845
SCP-475,SCP-3615
SCP-475,SCP-1844
SCP-475,SCP-217
SCP-475,SCP-1564
SCP-475,SCP-1523
SCP-475,SCP-089
SCP-475,SCP-2050
SCP-475,SCP-2814
SCP-500,SCP-038
SCP-500,SCP-409
SCP-500,SCP-008
SCP-500,SCP-208
SCP-500,SCP-231
SCP-500,SCP-914
SCP-500,SCP-427
SCP-507,SCP-076
SCP-507,SCP-407
SCP-507,SCP-082
SCP-507,SCP-4006
SCP-517,SCP-059
SCP-527,SCP-905
SCP-527,SCP-1007
SCP-527,SCP-2428
SCP-527,SCP-3537
SCP-527,SCP-1799
SCP-527,SCP-2287
SCP-527,SCP-1908
SCP-527,SCP-920
SCP-527,SCP-644
SCP-527,SCP-2284
SCP-527,SCP-917
SCP-527,SCP-629
SCP-527,SCP-2855
SCP-527,SCP-909
SCP-527,SCP-913
SCP-527,SCP-2933
SCP-527,SCP-2396
SCP-527,SCP-2148
SCP-530,SCP-529
SCP-542,SCP-291
SCP-542,SCP-545
SCP-545,SCP-2077
SCP-579,SCP-004
SCP-590,SCP-500
SCP-591,SCP-2424
SCP-629,SCP-905
SCP-629,SCP-1007
SCP-629,SCP-2428
SCP-629,SCP-3537
SCP-629,SCP-1799
SCP-629,SCP-2287
SCP-629,SCP-1908
SCP-629,SCP-527
SCP-629,SCP-920
SCP-629,SCP-644
SCP-629,SCP-2284
SCP-629,SCP-917
SCP-629,SCP-2855
SCP-629,SCP-909
SCP-629,SCP-913
SCP-629,SCP-2933
SCP-629,SCP-2396
SCP-629,SCP-2148
SCP-644,SCP-905
SCP-644,SCP-1007
SCP-644,SCP-2428
SCP-644,SCP-3537
SCP-644,SCP-1799
SCP-644,SCP-2287
SCP-644,SCP-1908
SCP-644,SCP-527
SCP-644,SCP-920
SCP-644,SCP-2284
SCP-644,SCP-917
SCP-644,SCP-629
SCP-644,SCP-2855
SCP-644,SCP-909
SCP-644,SCP-913
SCP-644,SCP-2933
SCP-644,SCP-2396
SCP-644,SCP-2148
SCP-646,SCP-2082
SCP-646,SCP-1505
SCP-649,SCP-2082
SCP-657,SCP-076
SCP-682,SCP-963
SCP-682,SCP-738
SCP-682,SCP-407
SCP-682,SCP-049
SCP-682,SCP-170
SCP-682,SCP-2746
SCP-682,SCP-835
SCP-682,SCP-3519
SCP-682,SCP-157
SCP-682,SCP-743
SCP-682,SCP-055
SCP-682,SCP-2195
SCP-682,SCP-2953
SCP-682,SCP-239
SCP-682,SCP-241
SCP-682,SCP-1933
SCP-682,SCP-023
SCP-682,SCP-073
SCP-682,SCP-507
SCP-682,SCP-354
SCP-682,SCP-858
SCP-682,SCP-123
SCP-682,SCP-2006
SCP-682,SCP-938
SCP-682,SCP-166
SCP-682,SCP-3008
SCP-682,SCP-539
SCP-682,SCP-662
SCP-682,SCP-1056
SCP-682,SCP-807
SCP-682,SCP-2490
SCP-682,SCP-082
SCP-682,SCP-826
SCP-682,SCP-811
SCP-682,SCP-1915
SCP-682,SCP-2140
SCP-682,SCP-2855
SCP-682,SCP-2439
SCP-682,SCP-3198
SCP-682,SCP-2719
SCP-682,SCP-409
SCP-682,SCP-2337
SCP-682,SCP-3660
SCP-682,SCP-702
SCP-682,SCP-426
SCP-682,SCP-4051
SCP-682,SCP-393
SCP-682,SCP-999
SCP-682,SCP-079
SCP-682,SCP-923
SCP-682,SCP-953
SCP-682,SCP-1237
SCP-682,SCP-939
SCP-682,SCP-063
SCP-682,SCP-106
SCP-682,SCP-272
SCP-682,SCP-117
SCP-682,SCP-1361
SCP-682,SCP-2922
SCP-682,SCP-075
SCP-682,SCP-2400
SCP-682,SCP-2617
SCP-682,SCP-2521
SCP-682,SCP-1015
SCP-682,SCP-689
SCP-682,SCP-173
SCP-682,SCP-3207
SCP-682,SCP-127
SCP-682,SCP-053
SCP-682,SCP-3521
SCP-682,SCP-1364
SCP-682,SCP-169
SCP-682,SCP-3922
SCP-682,SCP-093
SCP-682,SCP-2935
SCP-682,SCP-294
SCP-682,SCP-1437
SCP-682,SCP-343
SCP-682,SCP-1012
SCP-682,SCP-2578
SCP-682,SCP-536
SCP-682,SCP-096
SCP-682,SCP-061
SCP-682,SCP-081
SCP-682,SCP-217
SCP-682,SCP-513
SCP-682,SCP-182
SCP-682,SCP-3930
SCP-682,SCP-2599
SCP-682,SCP-914
SCP-682,SCP-524
SCP-682,SCP-3802
SCP-682,SCP-4455
SCP-682,SCP-3042
SCP-682,SCP-204
SCP-682,SCP-162
SCP-682,SCP-2305
SCP-682,SCP-3000
SCP-682,SCP-017
SCP-682,SCP-101
SCP-682,SCP-048
SCP-682,SCP-3309
SCP-682,SCP-3108
SCP-689,SCP-682
SCP-702,SCP-500
SCP-702,SCP-3042
SCP-702,SCP-158
SCP-702,SCP-067
SCP-702,SCP-646
SCP-702,SCP-914
SCP-702,SCP-682
SCP-703,SCP-1317
SCP-703,SCP-649
SCP-703,SCP-643
SCP-705,SCP-963
SCP-711,SCP-1780
SCP-720,SCP-5032
SCP-720,SCP-5757
SCP-720,SCP-5599
SCP-732,SCP-076
SCP-732,SCP-105
SCP-791,SCP-2684
SCP-847,SCP-2458
SCP-882,SCP-217
SCP-882,SCP-271
SCP-887,SCP-993
SCP-887,SCP-657
SCP-887,SCP-131
SCP-887,SCP-999
SCP-887,SCP-173
SCP-887,SCP-978
SCP-887,SCP-682
SCP-887,SCP-058
SCP-887,SCP-2295
SCP-887,SCP-451
SCP-887,SCP-524
SCP-887,SCP-1050
SCP-894,SCP-2599
SCP-905,SCP-909
SCP-909,SCP-905
SCP-909,SCP-1007
SCP-909,SCP-2428
SCP-909,SCP-3537
SCP-909,SCP-1799
SCP-909,SCP-2287
SCP-909,SCP-1908
SCP-909,SCP-527
SCP-909,SCP-920
SCP-909,SCP-644
SCP-909,SCP-2284
SCP-909,SCP-917
SCP-909,SCP-629
SCP-909,SCP-2855
SCP-909,SCP-913
SCP-909,SCP-2933
SCP-909,SCP-2396
SCP-909,SCP-2148
SCP-911,SCP-3001
SCP-913,SCP-909
SCP-914,SCP-049
SCP-914,SCP-2852
SCP-914,SCP-055
SCP-914,SCP-008
SCP-914,SCP-073
SCP-914,SCP-123
SCP-914,SCP-3812
SCP-914,SCP-3001
SCP-914,SCP-2140
SCP-914,SCP-3034
SCP-914,SCP-426
SCP-914,SCP-999
SCP-914,SCP-079
SCP-914,SCP-1237
SCP-914,SCP-939
SCP-914,SCP-106
SCP-914,SCP-1265
SCP-914,SCP-458
SCP-914,SCP-1048
SCP-914,SCP-571
SCP-914,SCP-131
SCP-914,SCP-3922
SCP-914,SCP-1173
SCP-914,SCP-294
SCP-914,SCP-682
SCP-914,SCP-2200
SCP-914,SCP-3300
SCP-914,SCP-871
SCP-914,SCP-029
SCP-914,SCP-1337
SCP-914,SCP-2736
SCP-914,SCP-586
SCP-914,SCP-3930
SCP-914,SCP-038
SCP-914,SCP-1984
SCP-914,SCP-261
SCP-914,SCP-4444
SCP-914,SCP-3000
SCP-914,SCP-048
SCP-914,SCP-3999
SCP-914,SCP-148
SCP-914,SCP-387
SCP-914,SCP-504
SCP-914,SCP-105
SCP-914,SCP-1762
SCP-914,SCP-059
SCP-914,SCP-993
SCP-914,SCP-085
SCP-914,SCP-2317
SCP-914,SCP-239
SCP-914,SCP-4335
SCP-914,SCP-033
SCP-914,SCP-4006
SCP-914,SCP-4669
SCP-914,SCP-447
SCP-914,SCP-3008
SCP-914,SCP-2649
SCP-914,SCP-662
SCP-914,SCP-143
SCP-914,SCP-811
SCP-914,SCP-3199
SCP-914,SCP-1024
SCP-914,SCP-427
SCP-914,SCP-2337
SCP-914,SCP-1591
SCP-914,SCP-3780
SCP-914,SCP-718
SCP-914,SCP-953
SCP-914,SCP-134
SCP-914,SCP-3885
SCP-914,SCP-2521
SCP-914,SCP-173
SCP-914,SCP-882
SCP-914,SCP-2845
SCP-914,SCP-1427
SCP-914,SCP-1437
SCP-914,SCP-343
SCP-914,SCP-096
SCP-914,SCP-3003
SCP-914,SCP-2599
SCP-914,SCP-500
SCP-914,SCP-4661
SCP-914,SCP-2305
SCP-914,SCP-005
SCP-915,SCP-914
SCP-917,SCP-905
SCP-917,SCP-1007
SCP-917,SCP-2428
SCP-917,SCP-3537
SCP-917,SCP-1799
SCP-917,SCP-2287
SCP-917,SCP-1908
SCP-917,SCP-527
SCP-917,SCP-920
SCP-917,SCP-644
SCP-917,SCP-2284
SCP-917,SCP-629
SCP-917,SCP-2855
SCP-917,SCP-909
SCP-917,SCP-913
SCP-917,SCP-2933
SCP-917,SCP-2396
SCP-917,SCP-2148
SCP-920,SCP-909
SCP-939,SCP-571
SCP-939,SCP-447
SCP-939,SCP-500
SCP-939,SCP-055
SCP-939,SCP-427
SCP-939,SCP-426
SCP-939,SCP-008
SCP-939,SCP-999
SCP-939,SCP-005
SCP-939,SCP-914
SCP-939,SCP-1048
SCP-946,SCP-536
SCP-953,SCP-2750
SCP-953,SCP-2408
SCP-963,SCP-590
SCP-978,SCP-049
SCP-978,SCP-966
SCP-978,SCP-179
SCP-978,SCP-542
SCP-978,SCP-1370
SCP-978,SCP-423
SCP-978,SCP-073
SCP-978,SCP-466
SCP-978,SCP-1424
SCP-978,SCP-2547
SCP-978,SCP-2952
SCP-978,SCP-4043
SCP-978,SCP-050
SCP-978,SCP-1284
SCP-978,SCP-2677
SCP-978,SCP-1057
SCP-978,SCP-1867
SCP-978,SCP-1030
SCP-978,SCP-426
SCP-978,SCP-163
SCP-978,SCP-999
SCP-978,SCP-890
SCP-978,SCP-106
SCP-978,SCP-3428
SCP-978,SCP-053
SCP-978,SCP-2842
SCP-978,SCP-1048
SCP-978,SCP-573
SCP-978,SCP-2839
SCP-978,SCP-847
SCP-978,SCP-3721
SCP-978,SCP-3379
SCP-978,SCP-682
SCP-978,SCP-140
SCP-978,SCP-176
SCP-978,SCP-590
SCP-978,SCP-043
SCP-978,SCP-516
SCP-978,SCP-524
SCP-978,SCP-076
SCP-978,SCP-168
SCP-978,SCP-3042
SCP-978,SCP-261
SCP-978,SCP-4947
SCP-978,SCP-148
SCP-978,SCP-105
SCP-978,SCP-504
SCP-978,SCP-187
SCP-978,SCP-1285
SCP-978,SCP-239
SCP-978,SCP-085
SCP-978,SCP-507
SCP-978,SCP-2273
SCP-978,SCP-166
SCP-978,SCP-2006
SCP-978,SCP-4999
SCP-978,SCP-243
SCP-978,SCP-607
SCP-978,SCP-1054
SCP-978,SCP-662
SCP-978,SCP-811
SCP-978,SCP-5097
SCP-978,SCP-1216
SCP-978,SCP-1881
SCP-978,SCP-2337
SCP-978,SCP-698
SCP-978,SCP-1192
SCP-978,SCP-519
SCP-978,SCP-418
SCP-978,SCP-905
SCP-978,SCP-5094
SCP-978,SCP-1802
SCP-978,SCP-134
SCP-978,SCP-173
SCP-978,SCP-1850
SCP-978,SCP-882
SCP-978,SCP-5952
SCP-978,SCP-1609
SCP-978,SCP-066
SCP-978,SCP-887
SCP-978,SCP-002
SCP-978,SCP-035
SCP-978,SCP-343
SCP-978,SCP-096
SCP-978,SCP-378
SCP-978,SCP-217
SCP-978,SCP-529
SCP-978,SCP-914
SCP-978,SCP-1063
SCP-978,SCP-411
SCP-978,SCP-650
SCP-978,SCP-1238
SCP-978,SCP-451
SCP-978,SCP-1459
SCP-999,SCP-682
SCP-1000,SCP-2511
SCP-1000,SCP-2932
SCP-1000,SCP-2273
SCP-1000,SCP-2000
SCP-1004,SCP-894
SCP-1007,SCP-909
SCP-1012,SCP-1548
SCP-1024,SCP-2336
SCP-1032,SCP-2798
SCP-1032,SCP-2305
SCP-1048,SCP-2295
SCP-1054,SCP-1507
SCP-1139,SCP-444
SCP-1284,SCP-2686
SCP-1285,SCP-3428
SCP-1313,SCP-033
SCP-1317,SCP-703
SCP-1328,SCP-039
SCP-1337,SCP-973
SCP-1337,SCP-2539
SCP-1380,SCP-1680
SCP-1380,SCP-1480
SCP-1422,SCP-2864
SCP-1422,SCP-2602
SCP-1425,SCP-1523
SCP-1429,SCP-466
SCP-1459,SCP-447
SCP-1459,SCP-343
SCP-1459,SCP-173
SCP-1459,SCP-081
SCP-1459,SCP-1921
SCP-1459,SCP-2030
SCP-1459,SCP-058
SCP-1459,SCP-1782
SCP-1459,SCP-009
SCP-1459,SCP-737
SCP-1459,SCP-4514
SCP-1459,SCP-939
SCP-1459,SCP-610
SCP-1459,SCP-1539
SCP-1459,SCP-682
SCP-1480,SCP-1680
SCP-1480,SCP-1380
SCP-1498,SCP-2028
SCP-1498,SCP-2805
SCP-1498,SCP-2876
SCP-1505,SCP-2106
SCP-1507,SCP-243
SCP-1513,SCP-039
SCP-1548,SCP-2821
SCP-1548,SCP-179
SCP-1548,SCP-3417
SCP-1564,SCP-140
SCP-1564,SCP-1139
SCP-1564,SCP-882
SCP-1564,SCP-271
SCP-1576,SCP-2167
SCP-1591,SCP-2975
SCP-1679,SCP-3088
SCP-1680,SCP-3477
SCP-1680,SCP-1380
SCP-1680,SCP-1480
SCP-1719,SCP-1972
SCP-1719,SCP-1237
SCP-1727,SCP-1872
SCP-1727,SCP-1894
SCP-1730,SCP-2664
SCP-1738,SCP-2463
SCP-1738,SCP-2635
SCP-1740,SCP-2395
SCP-1740,SCP-2940
SCP-1740,SCP-1920
SCP-1740,SCP-1940
SCP-1763,SCP-1986
SCP-1780,SCP-3780
SCP-1780,SCP-711
SCP-1799,SCP-905
SCP-1799,SCP-1007
SCP-1799,SCP-2428
SCP-1799,SCP-3537
SCP-1799,SCP-2287
SCP-1799,SCP-1908
SCP-1799,SCP-527
SCP-1799,SCP-920
SCP-1799,SCP-644
SCP-1799,SCP-2284
SCP-1799,SCP-917
SCP-1799,SCP-629
SCP-1799,SCP-2855
SCP-1799,SCP-909
SCP-1799,SCP-913
SCP-1799,SCP-2933
SCP-1799,SCP-2396
SCP-1799,SCP-2148
SCP-1833,SCP-2316
SCP-1833,SCP-332
SCP-1833,SCP-814
SCP-1837,SCP-122
SCP-1837,SCP-039
SCP-1844,SCP-2336
SCP-1844,SCP-2167
SCP-1845,SCP-1006
SCP-1853,SCP-2206
SCP-1872,SCP-1894
SCP-1872,SCP-1727
SCP-1890,SCP-1896
SCP-1890,SCP-1928
SCP-1894,SCP-1727
SCP-1896,SCP-1928
SCP-1896,SCP-1890
SCP-1903,SCP-2999
SCP-1908,SCP-905
SCP-1908,SCP-1007
SCP-1908,SCP-2428
SCP-1908,SCP-3537
SCP-1908,SCP-1799
SCP-1908,SCP-2287
SCP-1908,SCP-527
SCP-1908,SCP-920
SCP-1908,SCP-644
SCP-1908,SCP-2284
SCP-1908,SCP-917
SCP-1908,SCP-629
SCP-1908,SCP-2855
SCP-1908,SCP-909
SCP-1908,SCP-913
SCP-1908,SCP-2933
SCP-1908,SCP-2396
SCP-1908,SCP-2148
SCP-1920,SCP-2395
SCP-1920,SCP-1740
SCP-1920,SCP-1940
SCP-1920,SCP-2940
SCP-1928,SCP-1896
SCP-1928,SCP-1890
SCP-1940,SCP-2395
SCP-1940,SCP-1740
SCP-1940,SCP-1920
SCP-1940,SCP-2940
SCP-1985,SCP-573
SCP-1985,SCP-1004
SCP-1985,SCP-3932
SCP-1985,SCP-507
SCP-1985,SCP-1313
SCP-1985,SCP-1801
SCP-1985,SCP-682
SCP-2000,SCP-1422
SCP-2000,SCP-3480
SCP-2006,SCP-682
SCP-2006,SCP-2317
SCP-2028,SCP-1498
SCP-2030,SCP-1459
SCP-2050,SCP-1845
SCP-2050,SCP-1557
SCP-2082,SCP-649
SCP-2082,SCP-646
SCP-2101,SCP-2847
SCP-2106,SCP-3060
SCP-2106,SCP-1505
SCP-2126,SCP-4062
SCP-2126,SCP-2226
SCP-2126,SCP-3226
SCP-2126,SCP-2362
SCP-2136,SCP-2218
SCP-2140,SCP-140
SCP-2148,SCP-905
SCP-2148,SCP-1007
SCP-2148,SCP-2428
SCP-2148,SCP-3537
SCP-2148,SCP-1799
SCP-2148,SCP-2287
SCP-2148,SCP-1908
SCP-2148,SCP-527
SCP-2148,SCP-920
SCP-2148,SCP-644
SCP-2148,SCP-2284
SCP-2148,SCP-917
SCP-2148,SCP-629
SCP-2148,SCP-2855
SCP-2148,SCP-909
SCP-2148,SCP-913
SCP-2148,SCP-2933
SCP-2148,SCP-2396
SCP-2167,SCP-1576
SCP-2217,SCP-610
SCP-2217,SCP-2522
SCP-2218,SCP-2136
SCP-2226,SCP-4062
SCP-2226,SCP-3226
SCP-2226,SCP-2362
SCP-2226,SCP-2126
SCP-2232,SCP-2076
SCP-2236,SCP-517
SCP-2236,SCP-887
SCP-2264,SCP-701
SCP-2273,SCP-1000
SCP-2284,SCP-905
SCP-2284,SCP-1007
SCP-2284,SCP-2428
SCP-2284,SCP-3537
SCP-2284,SCP-1799
SCP-2284,SCP-2287
SCP-2284,SCP-1908
SCP-2284,SCP-527
SCP-2284,SCP-920
SCP-2284,SCP-644
SCP-2284,SCP-917
SCP-2284,SCP-629
SCP-2284,SCP-2855
SCP-2284,SCP-909
SCP-2284,SCP-913
SCP-2284,SCP-2933
SCP-2284,SCP-2396
SCP-2284,SCP-2148
SCP-2287,SCP-905
SCP-2287,SCP-1007
SCP-2287,SCP-2428
SCP-2287,SCP-3537
SCP-2287,SCP-1799
SCP-2287,SCP-1908
SCP-2287,SCP-527
SCP-2287,SCP-920
SCP-2287,SCP-644
SCP-2287,SCP-2284
SCP-2287,SCP-917
SCP-2287,SCP-629
SCP-2287,SCP-2855
SCP-2287,SCP-909
SCP-2287,SCP-913
SCP-2287,SCP-2933
SCP-2287,SCP-2396
SCP-2287,SCP-2148
SCP-2289,SCP-173
SCP-2289,SCP-3966
SCP-2289,SCP-128
SCP-2293,SCP-2842
SCP-2305,SCP-148
SCP-2305,SCP-055
SCP-2305,SCP-4335
SCP-2305,SCP-033
SCP-2305,SCP-4999
SCP-2305,SCP-3008
SCP-2305,SCP-946
SCP-2305,SCP-3812
SCP-2305,SCP-3185
SCP-2305,SCP-2030
SCP-2305,SCP-3848
SCP-2305,SCP-2719
SCP-2305,SCP-718
SCP-2305,SCP-079
SCP-2305,SCP-2117
SCP-2305,SCP-736
SCP-2305,SCP-2700
SCP-2305,SCP-2460
SCP-2305,SCP-756
SCP-2305,SCP-002
SCP-2305,SCP-2399
SCP-2305,SCP-2935
SCP-2305,SCP-087
SCP-2305,SCP-1548
SCP-2305,SCP-233
SCP-2305,SCP-1427
SCP-2305,SCP-1012
SCP-2305,SCP-2707
SCP-2305,SCP-3003
SCP-2305,SCP-1679
SCP-2305,SCP-319
SCP-2305,SCP-1000
SCP-2305,SCP-914
SCP-2305,SCP-1032
SCP-2305,SCP-1322
SCP-2305,SCP-038
SCP-2305,SCP-500
SCP-2305,SCP-2660
SCP-2305,SCP-4455
SCP-2305,SCP-2282
SCP-2305,SCP-3999
SCP-2316,SCP-1833
SCP-2317,SCP-231
SCP-2336,SCP-1844
SCP-2350,SCP-2810
SCP-2350,SCP-3470
SCP-2362,SCP-4062
SCP-2362,SCP-2226
SCP-2362,SCP-3226
SCP-2362,SCP-2126
SCP-2372,SCP-2669
SCP-2378,SCP-3536
SCP-2378,SCP-2431
SCP-2395,SCP-1740
SCP-2395,SCP-2940
SCP-2395,SCP-1940
SCP-2395,SCP-1920
SCP-2396,SCP-905
SCP-2396,SCP-1007
SCP-2396,SCP-2428
SCP-2396,SCP-3537
SCP-2396,SCP-1799
SCP-2396,SCP-2287
SCP-2396,SCP-1908
SCP-2396,SCP-527
SCP-2396,SCP-920
SCP-2396,SCP-644
SCP-2396,SCP-2284
SCP-2396,SCP-917
SCP-2396,SCP-629
SCP-2396,SCP-2855
SCP-2396,SCP-909
SCP-2396,SCP-913
SCP-2396,SCP-2933
SCP-2396,SCP-2148
SCP-2400,SCP-2700
SCP-2404,SCP-3740
SCP-2417,SCP-3140
SCP-2417,SCP-2821
SCP-2417,SCP-140
SCP-2417,SCP-2651
SCP-2417,SCP-2742
SCP-2417,SCP-3417
SCP-2419,SCP-3000
SCP-2424,SCP-591
SCP-2428,SCP-905
SCP-2428,SCP-1007
SCP-2428,SCP-3537
SCP-2428,SCP-1799
SCP-2428,SCP-2287
SCP-2428,SCP-1908
SCP-2428,SCP-527
SCP-2428,SCP-920
SCP-2428,SCP-644
SCP-2428,SCP-2284
SCP-2428,SCP-917
SCP-2428,SCP-629
SCP-2428,SCP-2855
SCP-2428,SCP-909
SCP-2428,SCP-913
SCP-2428,SCP-2933
SCP-2428,SCP-2396
SCP-2428,SCP-2148
SCP-2431,SCP-2378
SCP-2431,SCP-1762
SCP-2453,SCP-2672
SCP-2458,SCP-847
SCP-2460,SCP-2003
SCP-2460,SCP-3966
SCP-2460,SCP-128
SCP-2463,SCP-1738
SCP-2463,SCP-2635
SCP-2476,SCP-3024
SCP-2476,SCP-285
SCP-2476,SCP-3015
SCP-2476,SCP-4239
SCP-2476,SCP-2839
SCP-2476,SCP-3012
SCP-2476,SCP-2586
SCP-2476,SCP-3090
SCP-2476,SCP-3697
SCP-2476,SCP-2842
SCP-2476,SCP-2562
SCP-2476,SCP-4669
SCP-2480,SCP-2075
SCP-2480,SCP-2095
SCP-2481,SCP-1428
SCP-2481,SCP-2995
SCP-2481,SCP-2814
SCP-2498,SCP-1984
SCP-2511,SCP-1000
SCP-2527,SCP-2404
SCP-2527,SCP-3740
SCP-2527,SCP-3615
SCP-2562,SCP-3024
SCP-2562,SCP-3012
SCP-2562,SCP-2586
SCP-2562,SCP-3090
SCP-2562,SCP-2842
SCP-2562,SCP-2839
SCP-2562,SCP-3697
SCP-2562,SCP-3015
SCP-2562,SCP-4669
SCP-2562,SCP-2476
SCP-2562,SCP-4239
SCP-2562,SCP-285
SCP-2578,SCP-1679
SCP-2578,SCP-1427
SCP-2586,SCP-3024
SCP-2586,SCP-3012
SCP-2586,SCP-3090
SCP-2586,SCP-2842
SCP-2586,SCP-2839
SCP-2586,SCP-3697
SCP-2586,SCP-3015
SCP-2586,SCP-4669
SCP-2586,SCP-2476
SCP-2586,SCP-2562
SCP-2586,SCP-4239
SCP-2586,SCP-285
SCP-2599,SCP-894
SCP-2602,SCP-2140
SCP-2608,SCP-1425
SCP-2610,SCP-2935
SCP-2617,SCP-963
SCP-2617,SCP-407
SCP-2617,SCP-738
SCP-2617,SCP-049
SCP-2617,SCP-170
SCP-2617,SCP-2746
SCP-2617,SCP-835
SCP-2617,SCP-3519
SCP-2617,SCP-157
SCP-2617,SCP-743
SCP-2617,SCP-055
SCP-2617,SCP-2195
SCP-2617,SCP-2953
SCP-2617,SCP-239
SCP-2617,SCP-241
SCP-2617,SCP-1933
SCP-2617,SCP-023
SCP-2617,SCP-073
SCP-2617,SCP-507
SCP-2617,SCP-354
SCP-2617,SCP-2273
SCP-2617,SCP-123
SCP-2617,SCP-858
SCP-2617,SCP-938
SCP-2617,SCP-166
SCP-2617,SCP-2006
SCP-2617,SCP-3008
SCP-2617,SCP-662
SCP-2617,SCP-1056
SCP-2617,SCP-807
SCP-2617,SCP-2490
SCP-2617,SCP-082
SCP-2617,SCP-826
SCP-2617,SCP-811
SCP-2617,SCP-1915
SCP-2617,SCP-2140
SCP-2617,SCP-2439
SCP-2617,SCP-2855
SCP-2617,SCP-3198
SCP-2617,SCP-2719
SCP-2617,SCP-3660
SCP-2617,SCP-2337
SCP-2617,SCP-702
SCP-2617,SCP-426
SCP-2617,SCP-4051
SCP-2617,SCP-393
SCP-2617,SCP-999
SCP-2617,SCP-079
SCP-2617,SCP-923
SCP-2617,SCP-953
SCP-2617,SCP-1237
SCP-2617,SCP-939
SCP-2617,SCP-063
SCP-2617,SCP-106
SCP-2617,SCP-272
SCP-2617,SCP-117
SCP-2617,SCP-1361
SCP-2617,SCP-2922
SCP-2617,SCP-075
SCP-2617,SCP-2400
SCP-2617,SCP-2521
SCP-2617,SCP-1015
SCP-2617,SCP-173
SCP-2617,SCP-689
SCP-2617,SCP-3207
SCP-2617,SCP-127
SCP-2617,SCP-053
SCP-2617,SCP-3521
SCP-2617,SCP-1364
SCP-2617,SCP-169
SCP-2617,SCP-3922
SCP-2617,SCP-093
SCP-2617,SCP-2935
SCP-2617,SCP-294
SCP-2617,SCP-682
SCP-2617,SCP-1437
SCP-2617,SCP-343
SCP-2617,SCP-1012
SCP-2617,SCP-2578
SCP-2617,SCP-536
SCP-2617,SCP-096
SCP-2617,SCP-061
SCP-2617,SCP-081
SCP-2617,SCP-516
SCP-2617,SCP-513
SCP-2617,SCP-217
SCP-2617,SCP-3930
SCP-2617,SCP-2599
SCP-2617,SCP-914
SCP-2617,SCP-524
SCP-2617,SCP-3802
SCP-2617,SCP-4455
SCP-2617,SCP-3042
SCP-2617,SCP-204
SCP-2617,SCP-017
SCP-2617,SCP-162
SCP-2617,SCP-2305
SCP-2617,SCP-3000
SCP-2617,SCP-539
SCP-2617,SCP-101
SCP-2617,SCP-048
SCP-2617,SCP-3309
SCP-2617,SCP-3108
SCP-2635,SCP-2463
SCP-2635,SCP-1738
SCP-2639,SCP-3797
SCP-2651,SCP-2226
SCP-2651,SCP-2821
SCP-2651,SCP-3417
SCP-2669,SCP-2372
SCP-2669,SCP-2117
SCP-2672,SCP-2453
SCP-2695,SCP-2825
SCP-2711,SCP-2481
SCP-2731,SCP-2915
SCP-2736,SCP-1981
SCP-2742,SCP-2634
SCP-2742,SCP-874
SCP-2747,SCP-1304
SCP-2747,SCP-2614
SCP-2759,SCP-2718
SCP-2798,SCP-447
SCP-2798,SCP-158
SCP-2798,SCP-1921
SCP-2803,SCP-2527
SCP-2805,SCP-2028
SCP-2805,SCP-1498
SCP-2815,SCP-2217
SCP-2815,SCP-2408
SCP-2815,SCP-3989
SCP-2815,SCP-2480
SCP-2821,SCP-2417
SCP-2825,SCP-2695
SCP-2829,SCP-3839
SCP-2839,SCP-3024
SCP-2839,SCP-3012
SCP-2839,SCP-2586
SCP-2839,SCP-3090
SCP-2839,SCP-2842
SCP-2839,SCP-3697
SCP-2839,SCP-3015
SCP-2839,SCP-4669
SCP-2839,SCP-2476
SCP-2839,SCP-2562
SCP-2839,SCP-4239
SCP-2839,SCP-285
SCP-2842,SCP-3024
SCP-2842,SCP-285
SCP-2842,SCP-3015
SCP-2842,SCP-4239
SCP-2842,SCP-2839
SCP-2842,SCP-3012
SCP-2842,SCP-2586
SCP-2842,SCP-3090
SCP-2842,SCP-2476
SCP-2842,SCP-3697
SCP-2842,SCP-2562
SCP-2842,SCP-4669
SCP-2847,SCP-2711
SCP-2847,SCP-2399
SCP-2847,SCP-2101
SCP-2849,SCP-1006
SCP-2852,SCP-3004
SCP-2855,SCP-905
SCP-2855,SCP-1007
SCP-2855,SCP-2428
SCP-2855,SCP-3537
SCP-2855,SCP-1799
SCP-2855,SCP-2287
SCP-2855,SCP-1908
SCP-2855,SCP-527
SCP-2855,SCP-920
SCP-2855,SCP-644
SCP-2855,SCP-2284
SCP-2855,SCP-917
SCP-2855,SCP-629
SCP-2855,SCP-909
SCP-2855,SCP-913
SCP-2855,SCP-2933
SCP-2855,SCP-2396
SCP-2855,SCP-2148
SCP-2860,SCP-2096
SCP-2875,SCP-3088
SCP-2889,SCP-3240
SCP-2889,SCP-437
SCP-2893,SCP-3036
SCP-2897,SCP-2820
SCP-2906,SCP-1781
SCP-2906,SCP-1360
SCP-2923,SCP-1916
SCP-2932,SCP-1000
SCP-2933,SCP-905
SCP-2933,SCP-1007
SCP-2933,SCP-2428
SCP-2933,SCP-3537
SCP-2933,SCP-1799
SCP-2933,SCP-2287
SCP-2933,SCP-1908
SCP-2933,SCP-527
SCP-2933,SCP-920
SCP-2933,SCP-644
SCP-2933,SCP-2284
SCP-2933,SCP-917
SCP-2933,SCP-629
SCP-2933,SCP-2855
SCP-2933,SCP-909
SCP-2933,SCP-913
SCP-2933,SCP-2396
SCP-2933,SCP-2148
SCP-2935,SCP-079
SCP-2935,SCP-2996
SCP-2935,SCP-682
SCP-2940,SCP-2395
SCP-2940,SCP-1740
SCP-2940,SCP-1920
SCP-2940,SCP-1940
SCP-2952,SCP-2547
SCP-2953,SCP-953
SCP-2983,SCP-909
SCP-2983,SCP-2284
SCP-2983,SCP-2287
SCP-2983,SCP-913
SCP-2983,SCP-917
SCP-2983,SCP-1007
SCP-2983,SCP-527
SCP-2983,SCP-629
SCP-2983,SCP-2396
SCP-2983,SCP-2635
SCP-2996,SCP-1337
SCP-3003,SCP-1719
SCP-3004,SCP-2852
SCP-3012,SCP-3024
SCP-3012,SCP-2586
SCP-3012,SCP-3090
SCP-3012,SCP-2842
SCP-3012,SCP-2839
SCP-3012,SCP-3697
SCP-3012,SCP-3015
SCP-3012,SCP-4669
SCP-3012,SCP-2476
SCP-3012,SCP-2057
SCP-3012,SCP-2562
SCP-3012,SCP-4239
SCP-3012,SCP-285
SCP-3015,SCP-3024
SCP-3015,SCP-3012
SCP-3015,SCP-2586
SCP-3015,SCP-3090
SCP-3015,SCP-2842
SCP-3015,SCP-2839
SCP-3015,SCP-3697
SCP-3015,SCP-4669
SCP-3015,SCP-2476
SCP-3015,SCP-2562
SCP-3015,SCP-4239
SCP-3015,SCP-2433
SCP-3015,SCP-285
SCP-3024,SCP-3012
SCP-3024,SCP-2586
SCP-3024,SCP-3090
SCP-3024,SCP-2842
SCP-3024,SCP-2839
SCP-3024,SCP-3697
SCP-3024,SCP-3015
SCP-3024,SCP-4669
SCP-3024,SCP-2476
SCP-3024,SCP-2562
SCP-3024,SCP-4239
SCP-3024,SCP-285
SCP-3025,SCP-3076
SCP-3034,SCP-3241
SCP-3034,SCP-2664
SCP-3036,SCP-2893
SCP-3042,SCP-484
SCP-3043,SCP-3143
SCP-3043,SCP-423
SCP-3060,SCP-3966
SCP-3060,SCP-2876
SCP-3066,SCP-3076
SCP-3076,SCP-3066
SCP-3076,SCP-3025
SCP-3089,SCP-2852
SCP-3089,SCP-3004
SCP-3090,SCP-3024
SCP-3090,SCP-3012
SCP-3090,SCP-2586
SCP-3090,SCP-2842
SCP-3090,SCP-2839
SCP-3090,SCP-3697
SCP-3090,SCP-951
SCP-3090,SCP-4669
SCP-3090,SCP-3015
SCP-3090,SCP-2476
SCP-3090,SCP-2562
SCP-3090,SCP-4239
SCP-3090,SCP-890
SCP-3090,SCP-285
SCP-3108,SCP-2433
SCP-3122,SCP-3456
SCP-3140,SCP-140
SCP-3140,SCP-1726
SCP-3140,SCP-392
SCP-3140,SCP-3399
SCP-3140,SCP-1000
SCP-3140,SCP-2140
SCP-3143,SCP-3043
SCP-3143,SCP-423
SCP-3198,SCP-1056
SCP-3198,SCP-682
SCP-3207,SCP-1891
SCP-3220,SCP-4220
SCP-3226,SCP-4062
SCP-3226,SCP-2226
SCP-3226,SCP-2362
SCP-3226,SCP-2126
SCP-3240,SCP-2889
SCP-3240,SCP-3807
SCP-3240,SCP-2547
SCP-3241,SCP-3000
SCP-3241,SCP-106
SCP-3296,SCP-3095
SCP-3296,SCP-354
SCP-3296,SCP-1719
SCP-3296,SCP-3662
SCP-3296,SCP-2000
SCP-3311,SCP-4249
SCP-3311,SCP-1609
SCP-3311,SCP-184
SCP-3379,SCP-4748
SCP-3380,SCP-2747
SCP-3380,SCP-033
SCP-3417,SCP-2821
SCP-3417,SCP-2651
SCP-3417,SCP-2417
SCP-3428,SCP-1285
SCP-3470,SCP-2810
SCP-3477,SCP-2952
SCP-3477,SCP-963
SCP-3477,SCP-3480
SCP-3477,SCP-181
SCP-3477,SCP-006
SCP-3477,SCP-3140
SCP-3477,SCP-2776
SCP-3477,SCP-3932
SCP-3477,SCP-3872
SCP-3477,SCP-3036
SCP-3477,SCP-742
SCP-3477,SCP-3984
SCP-3480,SCP-2096
SCP-3480,SCP-2000
SCP-3484,SCP-291
SCP-3484,SCP-3966
SCP-3484,SCP-418
SCP-3519,SCP-2155
SCP-3519,SCP-1425
SCP-3520,SCP-343
SCP-3537,SCP-905
SCP-3537,SCP-1007
SCP-3537,SCP-2428
SCP-3537,SCP-1799
SCP-3537,SCP-2287
SCP-3537,SCP-1908
SCP-3537,SCP-527
SCP-3537,SCP-920
SCP-3537,SCP-644
SCP-3537,SCP-2284
SCP-3537,SCP-917
SCP-3537,SCP-629
SCP-3537,SCP-2855
SCP-3537,SCP-909
SCP-3537,SCP-913
SCP-3537,SCP-2933
SCP-3537,SCP-2396
SCP-3537,SCP-2148
SCP-3560,SCP-1360
SCP-3570,SCP-3095
SCP-3570,SCP-3662
SCP-3570,SCP-2821
SCP-3570,SCP-1654
SCP-3570,SCP-120
SCP-3609,SCP-2686
SCP-3609,SCP-287
SCP-3615,SCP-2336
SCP-3615,SCP-475
SCP-3615,SCP-3004
SCP-3615,SCP-089
SCP-3615,SCP-3609
SCP-3643,SCP-173
SCP-3643,SCP-105
SCP-3643,SCP-3644
SCP-3643,SCP-1915
SCP-3643,SCP-1972
SCP-3644,SCP-527
SCP-3644,SCP-3643
SCP-3662,SCP-3095
SCP-3662,SCP-3296
SCP-3667,SCP-2419
SCP-3672,SCP-4012
SCP-3697,SCP-3024
SCP-3697,SCP-285
SCP-3697,SCP-3015
SCP-3697,SCP-4239
SCP-3697,SCP-2839
SCP-3697,SCP-3012
SCP-3697,SCP-2586
SCP-3697,SCP-3090
SCP-3697,SCP-2476
SCP-3697,SCP-2842
SCP-3697,SCP-2562
SCP-3697,SCP-4669
SCP-3702,SCP-4700
SCP-3703,SCP-4700
SCP-3703,SCP-3702
SCP-3703,SCP-3480
SCP-3721,SCP-1427
SCP-3721,SCP-2677
SCP-3737,SCP-3773
SCP-3739,SCP-3662
SCP-3739,SCP-4525
SCP-3739,SCP-3787
SCP-3780,SCP-3520
SCP-3780,SCP-1746
SCP-3780,SCP-946
SCP-3780,SCP-3922
SCP-3780,SCP-1780
SCP-3780,SCP-3721
SCP-3780,SCP-1360
SCP-3790,SCP-3220
SCP-3790,SCP-4220
SCP-3797,SCP-3480
SCP-3797,SCP-2639
SCP-3797,SCP-1780
SCP-3812,SCP-2719
SCP-3812,SCP-2264
SCP-3812,SCP-239
SCP-3812,SCP-1173
SCP-3812,SCP-2932
SCP-3812,SCP-610
SCP-3812,SCP-2000
SCP-3839,SCP-3233
SCP-3839,SCP-2829
SCP-3862,SCP-2095
SCP-3862,SCP-610
SCP-3889,SCP-3897
SCP-3889,SCP-3983
SCP-3897,SCP-3889
SCP-3897,SCP-3983
SCP-3898,SCP-3983
SCP-3922,SCP-2922
SCP-3922,SCP-2578
SCP-3922,SCP-993
SCP-3922,SCP-2614
SCP-3922,SCP-2117
SCP-3922,SCP-2030
SCP-3932,SCP-1986
SCP-3934,SCP-3057
SCP-3966,SCP-2460
SCP-3966,SCP-2289
SCP-3966,SCP-128
SCP-3983,SCP-3898
SCP-3983,SCP-3899
SCP-3999,SCP-2845
SCP-3999,SCP-2747
SCP-3999,SCP-2610
SCP-4000,SCP-2932
SCP-4000,SCP-3560
SCP-4000,SCP-416
SCP-4006,SCP-2000
SCP-4006,SCP-3000
SCP-4008,SCP-140
SCP-4012,SCP-4923
SCP-4012,SCP-3380
SCP-4051,SCP-2419
SCP-4051,SCP-3000
SCP-4062,SCP-2226
SCP-4062,SCP-3226
SCP-4062,SCP-2362
SCP-4062,SCP-2126
SCP-4110,SCP-1265
SCP-4220,SCP-2664
SCP-4220,SCP-2350
SCP-4220,SCP-3780
SCP-4220,SCP-1812
SCP-4220,SCP-3790
SCP-4239,SCP-3024
SCP-4239,SCP-285
SCP-4239,SCP-3015
SCP-4239,SCP-2839
SCP-4239,SCP-3012
SCP-4239,SCP-2586
SCP-4239,SCP-3090
SCP-4239,SCP-2476
SCP-4239,SCP-3697
SCP-4239,SCP-2842
SCP-4239,SCP-2562
SCP-4239,SCP-4669
SCP-4249,SCP-3311
SCP-4260,SCP-4051
SCP-4260,SCP-579
SCP-4260,SCP-1360
SCP-4260,SCP-2975
SCP-4444,SCP-963
SCP-4479,SCP-3379
SCP-4504,SCP-082
SCP-4525,SCP-3008
SCP-4525,SCP-2983
SCP-4525,SCP-1972
SCP-4608,SCP-4677
SCP-4612,SCP-140
SCP-4612,SCP-3457
SCP-4669,SCP-3024
SCP-4669,SCP-3012
SCP-4669,SCP-2586
SCP-4669,SCP-3090
SCP-4669,SCP-2842
SCP-4669,SCP-2839
SCP-4669,SCP-3697
SCP-4669,SCP-3015
SCP-4669,SCP-2293
SCP-4669,SCP-2476
SCP-4669,SCP-2562
SCP-4669,SCP-4239
SCP-4669,SCP-285
SCP-4677,SCP-4608
SCP-4700,SCP-3703
SCP-4700,SCP-3456
SCP-4700,SCP-3702
SCP-4715,SCP-1000
SCP-4715,SCP-2932
SCP-4774,SCP-4500
SCP-4776,SCP-4220
SCP-4947,SCP-3000
SCP-5056,SCP-5243
SCP-5208,SCP-4677
SCP-5243,SCP-5056
SCP-5353,SCP-5375
SCP-5353,SCP-5877
SCP-5375,SCP-5877
SCP-5375,SCP-5353
SCP-5382,SCP-5494
SCP-5494,SCP-5382
SCP-5599,SCP-5757
SCP-5599,SCP-720
SCP-5712,SCP-1422
SCP-5712,SCP-3125
SCP-5757,SCP-5032
SCP-5757,SCP-720
SCP-5757,SCP-5599
SCP-5877,SCP-5375
SCP-5877,SCP-5353
SCP-5890,SCP-3001
SCP-5890,SCP-5936
SCP-5936,SCP-5890
SCP-5952,SCP-5994
SCP-5952,SCP-1427
